{
  "timestamp": "2025-12-27T22:47:21.252963",
  "duration_seconds": 60.028730154037476,
  "warehouses": 1,
  "transactions": {
    "stock_level": {
      "count": 128,
      "total_time_ms": 1345.7415103912354,
      "avg_ms": 10.513605549931526,
      "min_ms": 6.617069244384766,
      "max_ms": 23.849010467529297,
      "tpm": 127.93873833900267
    },
    "payment": {
      "count": 1422,
      "total_time_ms": 20040.12179374695,
      "avg_ms": 14.092912653830483,
      "min_ms": 8.936405181884766,
      "max_ms": 58.73990058898926,
      "tpm": 1421.3194212348576
    },
    "new_order": {
      "count": 1457,
      "total_time_ms": 34025.94566345215,
      "avg_ms": 23.353428732637028,
      "min_ms": 12.218475341796875,
      "max_ms": 109.21120643615723,
      "tpm": 1456.3026699994289
    },
    "order_status": {
      "count": 135,
      "total_time_ms": 1529.066801071167,
      "avg_ms": 11.32642074867531,
      "min_ms": 6.710529327392578,
      "max_ms": 22.806644439697266,
      "tpm": 134.93538809191688
    },
    "delivery": {
      "count": 137,
      "total_time_ms": 2634.4432830810547,
      "avg_ms": 19.22951301519018,
      "min_ms": 13.434171676635742,
      "max_ms": 41.44597053527832,
      "tpm": 136.93443087846381
    }
  },
  "summary": {
    "total_transactions": 3279,
    "tpm_total": 3277.4306485436696,
    "new_order_tpm": 1456.3026699994289,
    "avg_latency_ms": 18.16874627988489
  }
}