{
  "timestamp": "2026-03-28T04:16:58.062078",
  "duration_seconds": 60.03022074699402,
  "warehouses": 1,
  "transactions": {
    "new_order": {
      "count": 883,
      "total_time_ms": 35236.37914657593,
      "avg_ms": 39.90529914674511,
      "min_ms": 17.353057861328125,
      "max_ms": 83.81056785583496,
      "tpm": 882.5554752379109
    },
    "payment": {
      "count": 844,
      "total_time_ms": 18831.35414123535,
      "avg_ms": 22.312030973027667,
      "min_ms": 10.732173919677734,
      "max_ms": 34.84010696411133,
      "tpm": 843.5751088344244
    },
    "order_status": {
      "count": 62,
      "total_time_ms": 1134.606122970581,
      "avg_ms": 18.300098757590018,
      "min_ms": 10.123252868652344,
      "max_ms": 24.52397346496582,
      "tpm": 61.96878761579895
    },
    "delivery": {
      "count": 88,
      "total_time_ms": 3177.3054599761963,
      "avg_ms": 36.105743863365866,
      "min_ms": 17.42839813232422,
      "max_ms": 65.75608253479004,
      "tpm": 87.95569855145656
    },
    "stock_level": {
      "count": 70,
      "total_time_ms": 1187.993049621582,
      "avg_ms": 16.971329280308314,
      "min_ms": 8.875370025634766,
      "max_ms": 23.35381507873535,
      "tpm": 69.96476021138591
    }
  },
  "summary": {
    "total_transactions": 1947,
    "tpm_total": 1946.0198304509768,
    "new_order_tpm": 882.5554752379109,
    "avg_latency_ms": 30.594575203071205
  }
}