{
  "timestamp": "2025-12-27T22:47:56.352232",
  "duration_seconds": 30.008092164993286,
  "warehouses": 1,
  "transactions": {
    "payment": {
      "count": 932,
      "total_time_ms": 9522.32313156128,
      "avg_ms": 10.217084905108669,
      "min_ms": 7.62939453125,
      "max_ms": 24.881601333618164,
      "tpm": 1863.4973424013579
    },
    "new_order": {
      "count": 959,
      "total_time_ms": 17432.909727096558,
      "avg_ms": 18.178216608025608,
      "min_ms": 10.554313659667969,
      "max_ms": 88.79709243774414,
      "tpm": 1917.4827804322986
    },
    "stock_level": {
      "count": 98,
      "total_time_ms": 733.7708473205566,
      "avg_ms": 7.487457625719966,
      "min_ms": 5.512237548828125,
      "max_ms": 17.87090301513672,
      "tpm": 195.94714544563635
    },
    "delivery": {
      "count": 86,
      "total_time_ms": 1323.7242698669434,
      "avg_ms": 15.392142672871435,
      "min_ms": 12.694358825683594,
      "max_ms": 29.80947494506836,
      "tpm": 171.95361743188496
    },
    "order_status": {
      "count": 106,
      "total_time_ms": 783.4315299987793,
      "avg_ms": 7.390863490554522,
      "min_ms": 5.853176116943359,
      "max_ms": 18.271446228027344,
      "tpm": 211.9428307881373
    }
  },
  "summary": {
    "total_transactions": 2181,
    "tpm_total": 4360.823716499315,
    "new_order_tpm": 1917.4827804322986,
    "avg_latency_ms": 13.661696242936321
  }
}