{
  "timestamp": "2026-03-28T04:17:33.160433",
  "duration_seconds": 30.02164578437805,
  "warehouses": 1,
  "transactions": {
    "payment": {
      "count": 453,
      "total_time_ms": 9936.47575378418,
      "avg_ms": 21.934825063541236,
      "min_ms": 10.194778442382812,
      "max_ms": 33.39743614196777,
      "tpm": 905.3467686352918
    },
    "new_order": {
      "count": 446,
      "total_time_ms": 16912.484407424927,
      "avg_ms": 37.92036862651329,
      "min_ms": 15.670537948608398,
      "max_ms": 77.71921157836914,
      "tpm": 891.3568627181902
    },
    "stock_level": {
      "count": 52,
      "total_time_ms": 749.2101192474365,
      "avg_ms": 14.40788690860455,
      "min_ms": 6.828546524047852,
      "max_ms": 20.948171615600586,
      "tpm": 103.92501538418361
    },
    "delivery": {
      "count": 42,
      "total_time_ms": 1370.6660270690918,
      "avg_ms": 32.63490540640695,
      "min_ms": 17.699718475341797,
      "max_ms": 54.0928840637207,
      "tpm": 83.93943550260984
    },
    "order_status": {
      "count": 54,
      "total_time_ms": 817.7640438079834,
      "avg_ms": 15.14377858903673,
      "min_ms": 6.995439529418945,
      "max_ms": 22.57561683654785,
      "tpm": 107.92213136049835
    }
  },
  "summary": {
    "total_transactions": 1047,
    "tpm_total": 2092.4902136007736,
    "new_order_tpm": 891.3568627181902,
    "avg_latency_ms": 28.449475025151497
  }
}